Date,AAPL,GOOG,IBM,MSFT
2010-01-04,123432400,3927000,6155300,38409100
2010-01-05,150476200,6031900,6841400,49749600
2010-01-06,138040000,7987100,5605300,58182400
2010-01-07,119282800,12876600,5840600,50559700
2010-01-08,111902700,9483900,4197200,51197400
2010-01-11,115557400,14479800,5730400,68754700
2010-01-12,148614900,9742900,8081500,65912100
2010-01-13,151473000,13041800,6455400,51863500
2010-01-14,108223500,8511900,7111800,63228100
2010-01-15,148516900,10909600,8494400,79913200
2010-01-19,182501900,8665700,13916200,46575700
2010-01-20,153038200,6525700,15197500,54849500
2010-01-21,152038600,12662600,9608600,73086700
2010-01-22,220441900,13651700,10088600,102004600
2010-01-25,266424900,8872800,5738500,63373000
2010-01-26,466777500,8743600,7135300,66639900
2010-01-27,430642100,7958400,8719200,63949500
2010-01-28,293375600,6482300,9622200,117513700
2010-01-29,311488100,8311900,11571200,193888500
2010-02-01,187469100,4518400,7242900,85931100
2010-02-02,174585600,8223000,5899900,54413700
2010-02-03,153832000,6020500,4177100,61397900
2010-02-04,189413000,6780600,9126900,77850000
2010-02-05,212576700,6335600,8617000,80960100
2010-02-08,119567700,5408700,5718500,52820600
2010-02-09,158221700,5660200,6044500,59195800
2010-02-10,92590400,5369000,5219100,48591300
2010-02-11,137586400,4838000,5089000,65993700
2010-02-12,163867200,4576400,8017700,81117200
2010-02-16,135934400,7336100,6777300,51935600
2010-02-17,109099200,4074500,5827400,45882900
2010-02-18,105706300,4691200,5525900,42856500
2010-02-19,103867400,5125300,6303100,44451800
2010-02-22,97640900,4305100,3808100,36707100
2010-02-23,143773700,5766600,4591900,52266200
2010-02-24,115141600,4670500,4782000,43165900
2010-02-25,166281500,6643100,5658700,48735300
2010-02-26,126865200,4113800,4784200,40370600
2010-03-01,137523400,4492500,4577700,43805400
2010-03-02,141636600,8746200,6013300,93123900
2010-03-03,93013200,6201800,6390000,48442100
2010-03-04,91510300,6391300,6032300,42890600
2010-03-05,224905100,7853700,6140200,56001800
2010-03-08,107472400,4790600,6199300,39414500
2010-03-09,230064800,6376900,7528800,50271600
2010-03-10,149054500,11352100,6916200,44891400
2010-03-11,101425100,8498200,7922200,35349700
2010-03-12,104080900,5527400,5169500,31700200
2010-03-15,123375700,9342600,4497700,37512000
2010-03-16,111727000,6888600,6134900,36723500
2010-03-17,112739200,6668000,6348400,50385700
2010-03-18,85527400,3567600,4954400,43845200
2010-03-19,139861400,9624200,10744300,81332100
2010-03-22,114104900,8039600,5651900,37718200
2010-03-23,150607800,11043800,5978500,42026600
2010-03-24,149445100,13179500,6669300,33987700
2010-03-25,135571100,7891200,7603200,73168700
2010-03-26,160218800,5412500,5550800,55595500
2010-03-29,135186100,6232200,4643000,33336000
2010-03-30,131827500,3970500,3426600,34954800
2010-03-31,107664900,6084200,4904800,63760000
2010-04-01,150786300,4221100,4980500,74768100
2010-04-05,171126900,3817200,4118700,34331200
2010-04-06,111754300,4135600,3926300,47366800
2010-04-07,157125500,5181200,5157000,58318800
2010-04-08,143247300,3909500,6006900,63713800
2010-04-09,83545700,4128600,5185100,54752500
2010-04-12,83256600,4722400,3992300,37068800
2010-04-13,76552700,7853900,6819100,41374600
2010-04-14,101019100,6830900,8545800,68941200
2010-04-15,94196200,13574200,6425300,52745400
2010-04-16,187636400,24562600,9546200,88703100
2010-04-19,141731100,7817100,11353700,64970300
2010-04-20,184581600,5977000,15216500,52199500
2010-04-21,245597800,4800800,7559200,55343100
2010-04-22,198356200,6585900,6018500,84847600
2010-04-23,199238900,4194300,6197300,126766600
2010-04-26,119767200,8770300,5285400,63649300
2010-04-27,177335900,7718100,10916700,68730900
2010-04-28,189600600,6837700,7122300,64557900
2010-04-29,139710200,6140700,5786900,52665200
2010-04-30,135615900,4888900,6266700,63214800
2010-05-03,113585500,3729500,4992100,43989500
2010-05-04,180954900,12198000,8285000,82085600
2010-05-05,220775800,9198600,6072800,66833800
2010-05-06,321465200,10037600,13168800,128613000
2010-05-07,419004600,10216000,10584800,173718100
2010-05-10,246076600,8286800,8463900,86653300
2010-05-11,212226700,6670000,6498900,63789400
2010-05-12,163594900,7732400,16626900,47146800
2010-05-13,149928100,6676400,10497800,45188800
2010-05-14,189840700,8262800,9920100,63334000
2010-05-17,190708700,5608400,8923400,46053300
2010-05-18,195669600,5672100,9330000,52690600
2010-05-19,256431700,6917100,8669300,61746700
2010-05-20,320728800,9863400,13176500,87991100
2010-05-21,305972800,19454100,12639500,117596300
2010-05-24,188559700,8723600,6868600,73711700
2010-05-25,262001600,6057300,9494800,98373600
2010-05-26,212663500,6977200,9083200,176684100
2010-05-27,166570600,5639200,7725900,136433600
2010-05-28,203903700,5811200,7421900,67496900
2010-06-01,219118200,5353500,7135400,76152400
2010-06-02,172137000,5100500,7705300,65718800
2010-06-03,162526700,7328700,6645300,67837000
2010-06-04,189576100,7869900,9669200,89832200
2010-06-07,221735500,7292500,6951400,80456200
2010-06-08,250192600,5390200,8399200,87355000
2010-06-09,213657500,5478300,7795500,87794000
2010-06-10,194089000,5175000,7479700,78930900
2010-06-11,136439800,3576600,5820200,68057700
2010-06-14,150740100,4096000,6753000,50972400
2010-06-15,146268500,8551100,6652500,81641500
2010-06-16,195919500,4595600,6401000,48698000
2010-06-17,218213800,3969300,5571000,47995500
2010-06-18,196155400,5767200,9581400,52075600
2010-06-21,194122600,5989200,6857800,54625300
2010-06-22,179315500,4456000,6030200,55985400
2010-06-23,192114300,4073300,6855800,61466200
2010-06-24,178569300,3801300,5565500,85243400
2010-06-25,137485600,4507100,10420400,156256700
2010-06-28,146237000,3537700,6335100,73784800
2010-06-29,283336200,7030400,9376200,119882100
2010-06-30,184863000,7233400,8018000,81050500
2010-07-01,255724000,7053500,9742100,92239400
2010-07-02,173460700,3886400,6454500,62485100
2010-07-06,153808900,5139300,6348700,73592000
2010-07-07,163639000,6282800,7090300,79965300
2010-07-08,184536100,5357700,5439300,50758100
2010-07-09,108330600,8695400,3898000,53806100
2010-07-12,140719600,6693700,4206900,49854200
2010-07-13,297731000,7982300,6687700,61928700
2010-07-14,203011900,6259300,6607200,72808100
2010-07-15,206216500,9752800,6186800,56934700
2010-07-16,259964600,15708200,7002900,65064800
2010-07-19,256119500,9134700,8388600,38181800
2010-07-20,268737700,8139300,16337400,45530700
2010-07-21,296417800,6583700,8615500,73297300
2010-07-22,161329700,4311400,6909000,73016400
2010-07-23,133347200,4545700,5078000,108520100
2010-07-26,105137900,4005200,5174900,67249900
2010-07-27,146192900,4920700,4648200,60672100
2010-07-28,129996300,5010600,4248800,69704800
2010-07-29,160951700,5371000,8994200,69446200
2010-07-30,112052500,4304100,6021000,83534800
2010-08-02,107013900,3731300,6437500,55044600
2010-08-03,104413400,3618100,5091800,56877700
2010-08-04,105093800,7653500,4567500,78531900
2010-08-05,72274300,4858900,4520600,64922100
2010-08-06,111224400,6663800,6136200,55982100
2010-08-09,75782000,3758300,6131700,57096500
2010-08-10,112980000,4163400,5471700,87257700
2010-08-11,155013600,4462600,6316100,76746900
2010-08-12,133730100,4425700,5132200,70240500
2010-08-13,88717300,3883800,4669400,45263500
2010-08-16,79607500,2619700,4009200,40909700
2010-08-17,105660100,3795400,4298300,52912600
2010-08-18,84924000,5392800,4883200,46818900
2010-08-19,106676500,7879300,5402400,54064600
2010-08-20,96057500,7864500,6246300,49560100
2010-08-23,103510400,5994700,4034400,51643000
2010-08-24,150641400,5546000,5621200,66522500
2010-08-25,149216900,5203500,5235300,47404800
2010-08-26,116626300,3567200,7746600,49105300
2010-08-27,137097800,4642100,6214200,60939400
2010-08-30,95822300,2471900,3604000,45453100
2010-08-31,105196700,3908100,5624200,66074600
2010-09-01,174259400,6480700,5623100,65235900
2010-09-02,103856900,3380900,5103300,48837100
2010-09-03,130197200,5099700,5142900,64189100
2010-09-07,85639400,3432500,4353300,51928700
2010-09-08,131637800,4821600,4477500,65512400
2010-09-09,109643800,4879300,3436700,46028900
2010-09-10,96885600,3963300,4418700,58284300
2010-09-13,97195000,4499700,5271300,114680400
2010-09-14,102037600,4449500,4850500,87160400
2010-09-15,107342200,4823600,4762500,56201900
2010-09-16,163025800,3953700,4685000,44548300
2010-09-17,158619300,11325400,10397400,70341600
2010-09-20,164669400,8840000,7145500,49838700
2010-09-21,167018600,8966000,5267900,52675700
2010-09-22,146322400,5093100,4922400,94299400
2010-09-23,196529200,4652100,3898800,46201800
2010-09-24,162372000,6738900,7122400,51948800
2010-09-27,120708700,6238000,6155400,43603300
2010-09-28,258760600,7336700,7481300,56041200
2010-09-29,117411000,4360600,5151200,44318900
2010-09-30,168347900,6512400,6425800,61262700
2010-10-01,112035700,4466600,5621200,62672300
2010-10-04,108825500,3895400,4059900,98143400
2010-10-05,125491800,7040400,6202500,78152900
2010-10-06,167717200,5545200,4783000,50489700
2010-10-07,102099900,4809400,6440800,50096100
2010-10-08,164600800,5739800,4540800,41327800
2010-10-11,106938300,5272200,4004300,27587800
2010-10-12,139636000,7535300,5637300,50141500
2010-10-13,157523100,6134000,8784300,75336500
2010-10-14,108824100,13317800,5653100,51949100
2010-10-15,230548500,29760600,7220400,68954800
2010-10-18,273252700,14249500,10322700,48330500
2010-10-19,308196000,9210100,14159100,66150900
2010-10-20,180406100,7076500,6945500,56283600
2010-10-21,137865000,5862800,6221200,50032400
2010-10-22,93194500,4529100,4105300,25837900
2010-10-25,98115500,6340400,4870000,50912400
2010-10-26,98232400,5044600,7327100,69304200
2010-10-27,99750700,4500500,6465300,64805500
2010-10-28,137762800,4384900,5481600,80730300
2010-10-29,107627800,4573600,8439300,114193200
2010-11-01,105972300,6197200,5674600,61912100
2010-11-02,108482500,4010000,4626400,54402100
2010-11-03,127087100,6786200,5182100,110255300
2010-11-04,160622000,7168300,6622500,93599300
2010-11-05,90313300,3544600,4995800,110953700
2010-11-08,70439600,4218300,4459700,71670800
2010-11-09,95886000,4491000,5700600,58538600
2010-11-10,96056800,5012600,5172000,52277300
2010-11-11,90321000,4540100,4752200,62073100
2010-11-12,198961700,6811300,4731500,64962200
2010-11-15,100901500,6983800,3827700,51794600
2010-11-16,164412500,6639500,6342100,65339200
2010-11-17,119862400,4903200,4785900,58299700
2010-11-18,123622800,5199300,4236200,59514000
2010-11-19,96210800,4612100,5015900,52423200
2010-11-22,98268800,4389500,3730700,53350500
2010-11-23,129861900,4341300,4570300,69742500
2010-11-24,103431300,4810600,4874100,56825900
2010-11-26,59396400,2632000,2081300,21356500
2010-11-29,111446300,5740800,5040300,56603600
2010-11-30,125464500,14288100,7674800,75282100
2010-12-01,115437700,7536300,6822800,74123500
2010-12-02,115709300,5114800,5374000,91759200
2010-12-03,85523200,5282000,3710600,52622000
2010-12-06,112120400,4203200,3321800,36264200
2010-12-07,97863500,6107100,4828600,57860500
2010-12-08,80483900,3526900,4961400,41666800
2010-12-09,73537800,3751700,4405300,47148300
2010-12-10,65627800,3422100,3503800,37625800
2010-12-13,109953900,4814800,4741000,47943900
2010-12-14,87752000,3298800,4800800,64070500
2010-12-15,104328000,4351600,4447400,69634200
2010-12-16,80507700,3205600,4178600,57680200
2010-12-17,96732300,6197200,10027000,87456500
2010-12-20,96402600,3961300,3995000,52811000
2010-12-21,64088500,3773000,3777100,38153000
2010-12-22,66480400,2424000,3388800,42252300
2010-12-23,55789300,2229900,2424500,24902500
2010-12-27,62454000,2425200,2314700,21652800
2010-12-28,43981000,2137500,2699600,23042200
2010-12-29,40784800,2046000,3661100,19502500
2010-12-30,39373600,1986300,3039100,20786100
2010-12-31,48377000,3090000,2969800,24752000
2011-01-03,111284600,4748100,4603800,53443800
2011-01-04,77270200,3662600,5060100,54405600
2011-01-05,63879900,5083500,4657400,58998700
2011-01-06,75107200,4131000,5029200,88026300
2011-01-07,77982800,4218100,4135700,73762000
2011-01-10,112140000,3170100,3633400,57573600
2011-01-11,111027000,2889300,4163600,50298900
2011-01-12,75647600,3277500,4091500,52631100
2011-01-13,74195100,2677900,3445800,67077600
2011-01-14,77210000,4748900,4544200,62688400
2011-01-18,470249500,7261000,9176900,53322700
2011-01-19,283903200,6837700,12141000,50005900
2011-01-20,191197300,11012600,7439900,58613600
2011-01-21,188600300,17875500,7009000,58080300
2011-01-24,143670800,9232700,7285100,52047800
2011-01-25,136717000,7320800,8260800,42436600
2011-01-26,126718900,4091400,5353100,74628800
2011-01-27,71256500,4053400,4878300,146938600
2011-01-28,148014300,8493800,6725600,141249400
2011-01-31,94311700,5630800,7197200,65029000
2011-02-01,106658300,5511000,5831300,62810700
2011-02-02,64738800,3534500,3904000,45824000
2011-02-03,98449400,3001300,4683400,60340100
2011-02-04,80460100,3113200,3755200,40412200
2011-02-07,121255400,3612500,4928100,68980900
2011-02-08,95260200,3402400,5612600,34904200
2011-02-09,120686300,3698700,4633600,52905100
2011-02-10,232137500,4686200,5737800,76672400
2011-02-11,91893200,5199100,5185200,83939700
2011-02-14,77604100,4271800,4129800,56766200
2011-02-15,71043700,4199500,3768700,44116500
2011-02-16,120289400,3380500,3216000,70817900
2011-02-17,132645800,2968600,3230500,57207300
2011-02-18,204014300,6459800,4245000,68667800
2011-02-22,218138900,7307000,5209300,60889000
2011-02-23,167963600,5800700,5998100,60234100
2011-02-24,124975200,5443700,5707500,64494200
2011-02-25,95004700,3879200,4518400,53006300
2011-02-28,100768500,4580000,4773000,51379900
2011-03-01,114034200,6671200,4382800,60055000
2011-03-02,150647700,4068500,3413000,48658200
2011-03-03,125197100,3905000,4057800,68271500
2011-03-04,113316700,6044500,4910700,70437200
2011-03-07,136530800,6951300,5312000,64980400
2011-03-08,89079200,4586800,5384800,50549800
2011-03-09,113326500,4318100,9086600,39789100
2011-03-10,126884800,6279500,7041400,66549500
2011-03-11,117770100,6086600,4271000,49905800
2011-03-14,108989300,5653200,4300500,54473400
2011-03-15,180270300,8041200,6475800,76067300
2011-03-16,290502800,7625300,12195300,100725400
2011-03-17,164855600,5820200,7376400,62497000
2011-03-18,188303500,6621800,11450000,85486700
2011-03-21,102350500,6064400,5784000,46878100
2011-03-22,81480700,3787800,4311400,30895600
2011-03-23,93249100,3645900,4782500,43969000
2011-03-24,101178000,4213000,5145800,38696700
2011-03-25,112227500,5738200,5348100,57029800
2011-03-28,77338800,4453300,3972800,48973200
2011-03-29,88225200,3221600,3456700,40763500
2011-03-30,82351500,2855200,3394100,41999300
2011-03-31,68504800,4073900,3860800,63233700
2011-04-01,104665400,5245900,4381900,63114200
2011-04-04,115021200,4124300,3225100,35433700
2011-04-05,120682800,12140200,3612000,73651100
2011-04-06,100634800,5356500,3774800,65581400
2011-04-07,93361800,5081900,3666700,46134700
2011-04-08,94383800,3817800,3324100,39887600
2011-04-11,99736700,3730300,4139000,34286300
2011-04-12,106409800,4186700,3860600,36920400
2011-04-13,86555000,4154200,4181900,38144700
2011-04-14,75450200,10953400,4699100,55239900
2011-04-15,113401400,28192500,5287400,65080400
2011-04-18,152474700,10117300,6160700,58045100
2011-04-19,104844600,5388200,6547100,38892400
2011-04-20,175166600,6142900,10891800,61608600
2011-04-21,188452600,4958600,6158400,46892300
2011-04-25,66636500,3273700,3583800,33525100
2011-04-26,84700000,7026100,7300000,69200000
2011-04-27,89053300,4613900,5299700,52689000
2011-04-28,90239800,4014800,5087700,80200000
2011-04-29,251586300,8488600,5587700,319317900
2011-05-02,110678400,4283300,5396200,89825600
2011-05-03,78337000,4178500,5007700,71892900
2011-05-04,97312600,4249800,6890300,73292300
2011-05-05,83992300,4010400,7332000,55600000
2011-05-06,70033600,4127600,4839400,55993000
2011-05-09,51186800,3911900,3594800,38696400
2011-05-10,70522900,4101000,4934800,120798700
2011-05-11,84000000,4695000,4663200,78600000
2011-05-12,80500000,2907300,5138500,77400000
2011-05-13,81529000,4233100,5167400,66812300
2011-05-16,112443800,5938500,4662200,91350900
2011-05-17,113083600,6631900,8773200,82882100
2011-05-18,83694100,3921000,4154300,53931100
2011-05-19,65292500,4955800,3538300,37783600
2011-05-20,84492100,4652300,4869900,45451500
2011-05-23,95900000,4617100,5144000,52692500
2011-05-24,80481800,3814100,4643600,47691800
2011-05-25,73556000,2612900,3882100,34904200
2011-05-26,55640200,4252800,5771300,78016600
2011-05-27,50899800,3504500,3277600,50251000
2011-05-31,104438600,5394600,9123400,60196300
2011-06-01,138670700,5933900,5134600,74033500
2011-06-02,84695800,4425500,3854100,51487800
2011-06-03,78312500,3510000,5230500,60697700
2011-06-06,115485300,3898600,3619700,54778700
2011-06-07,132446300,3829400,4187000,41112600
2011-06-08,83430900,3319100,3850800,42205000
2011-06-09,68772200,3390700,4299800,42878700
2011-06-10,108488800,4898000,4683300,49327200
2011-06-13,82368300,4872700,5099200,47572500
2011-06-14,83642300,4700400,7050000,42894500
2011-06-15,99799000,4162000,5225600,49410200
2011-06-16,127647800,5534600,4861100,57184100
2011-06-17,153755000,10530000,7149700,83320400
2011-06-20,160161400,6079800,3956100,54338400
2011-06-21,123345600,5551400,5387300,49708700
2011-06-22,97645800,4832200,3960500,44287300
2011-06-23,139939800,9639300,5271500,59470400
2011-06-24,109951800,7639700,4402600,101387200
2011-06-27,84953400,6915100,4446700,92044200
2011-06-28,73574900,5450500,4850000,81032100
2011-06-29,88136300,4703400,3817100,66051000
2011-06-30,80738700,4874900,5105200,52535400
2011-07-01,108828300,7300500,5181700,52906200
2011-07-05,88763500,7727100,4586500,37805300
2011-07-06,111156500,5411300,5885900,48744200
2011-07-07,99915900,7900400,5905600,51946500
2011-07-08,122408300,9576100,4399900,58320700
2011-07-11,110668600,5699800,4766500,43999800
2011-07-12,112902300,5703600,5036800,47319300
2011-07-13,97909700,5601200,4074800,40861800
2011-07-14,107633400,13348700,4613100,46382300
2011-07-15,121116800,27567000,5347100,49132400
2011-07-18,143163300,8970000,8879700,44501900
2011-07-19,204786400,5957200,13245600,86730600
2011-07-20,235335100,4472200,5901100,49795400
2011-07-21,131633600,6964900,4958400,81737400
2011-07-22,129182200,7082700,4516100,76380600
2011-07-25,147451500,6286600,4987000,108482400
2011-07-26,119145600,4703200,4356200,74636500
2011-07-27,164831100,7898200,5806800,71488700
2011-07-28,148508500,6240000,4478800,83761400
2011-07-29,158146100,8305700,6665600,104394800
2011-08-01,153209000,7961800,5842700,61838400
2011-08-02,159884900,6425100,5770400,63883100
2011-08-03,183127000,7680000,6722000,64581200
2011-08-04,217851900,9866000,11022300,92949500
2011-08-05,301147700,11902500,11871800,112071700
2011-08-08,285958400,15049300,15804900,134257200
2011-08-09,270645900,12987800,12517600,126268900
2011-08-10,219664200,10779400,13993600,127819900
2011-08-11,185492300,9697300,9175600,90690100
2011-08-12,132244000,6332200,5187000,64787100
2011-08-15,115136000,14343200,7645400,56529400
2011-08-16,124687500,13930700,5585400,54251500
2011-08-17,110515300,8188700,5129700,50923700
2011-08-18,212858800,12628400,15082600,105714200
2011-08-19,193972100,10860500,14068600,77397900
2011-08-22,133828800,9848500,7249100,54721000
2011-08-23,164208800,8726000,6923300,59670600
2011-08-24,156566900,7215800,6427000,45329700
2011-08-25,217836500,6610500,6751600,48192000
2011-08-26,160369300,7219400,6438200,71957000
2011-08-29,101317300,4689000,5293400,38863200
2011-08-30,104480600,6000300,4477700,57341400
2011-08-31,130646600,5406700,6074200,59300800
2011-09-01,85931300,4849000,5463900,60510800
2011-09-02,109734800,4820300,4979100,43894400
2011-09-06,127424500,5451900,5761200,54929300
2011-09-07,87644200,5532200,6796600,41961000
2011-09-08,104039600,4778700,6027200,65811900
2011-09-09,141203300,6562000,6743900,64529200
2011-09-12,116958100,5360700,5247200,55046100
2011-09-13,110140100,4726000,4723800,48792300
2011-09-14,133681100,5408900,6980700,66739200
2011-09-15,104454700,5943700,5464400,67808300
2011-09-16,174628300,7095000,11048100,89681500
2011-09-19,205965200,4955200,4755600,52324900
2011-09-20,193938500,5578900,6209600,49211900
2011-09-21,151494000,5047400,7043100,72750700
2011-09-22,242120200,8833500,8195600,96278300
2011-09-23,136569300,5575300,5586600,64768100
2011-09-26,203219100,5288000,6745700,51057600
2011-09-27,158124400,6044300,7638800,55620700
2011-09-28,107409400,4543500,7732200,60736200
2011-09-29,162771700,5834900,6944300,63407300
2011-09-30,136910200,5467500,7807400,54060500
2011-10-03,167274800,8982200,9042600,64592500
2011-10-04,308419300,8348700,9200000,83485400
2011-10-05,196617400,9102100,5851700,94061300
2011-10-06,203145600,6874200,7180900,55111400
2011-10-07,133864500,5733100,6842600,52741600
2011-10-10,110628700,4661700,5784800,41815300
2011-10-11,151421900,5728100,5330500,38826200
2011-10-12,155571500,6379300,5338200,52489800
2011-10-13,106546300,11417700,4399200,43823500
2011-10-14,143341800,17123600,5368200,50947700
2011-10-17,171511200,8046400,8790300,39453300
2011-10-18,220400600,7630000,15729400,52487900
2011-10-19,276014900,5884900,6708300,42880000
2011-10-20,137317600,6783200,7513800,76300200
2011-10-21,155311100,6807300,8054200,76620600
2011-10-24,125534500,6879400,5890600,56897800
2011-10-25,107606800,5099900,5373100,53554600
2011-10-26,114076200,5767600,5387700,63029900
2011-10-27,123666200,7588800,7057800,74512400
2011-10-28,80710700,5034700,5009800,57712100
2011-10-31,96375300,5134700,4710000,46799000
2011-11-01,132947500,6273500,5881200,61182600
2011-11-02,81837700,4257600,4136600,53533100
2011-11-03,110346600,5359500,4953500,65836100
2011-11-04,75557300,5690700,3237600,36549200
2011-11-07,67568900,6739900,3530800,42589700
2011-11-08,100110500,6081400,4330600,47822500
2011-11-09,139671000,7449700,5494800,62950900
2011-11-10,186188100,5758200,3881600,32514400
2011-11-11,163446500,7983700,3665300,37903000
2011-11-14,108226300,6401200,6038600,34199200
2011-11-15,107702700,5372000,4585300,43874200
2011-11-16,87302600,5236500,4616800,53262800
2011-11-17,119975100,7012700,5840500,70977500
2011-11-18,92984500,6599900,4440900,47626200
2011-11-21,111995100,6025000,5145100,61882500
2011-11-22,102255300,4828600,4178600,49204500
2011-11-23,107067800,4668900,4800900,49099700
2011-11-25,63690200,3136400,2232800,26164600
2011-11-28,86603300,5678900,4524200,46766700
2011-11-29,93963800,3677200,3661600,40917100
2011-11-30,101484600,6819300,7836800,81350900
2011-12-01,96795300,7268300,4858800,48545400
2011-12-02,94763900,8201900,4962200,52293800
2011-12-05,89302500,6418800,5699400,56818400
2011-12-06,70899500,4670300,4144900,46175300
2011-12-07,76186600,4531500,5081700,62667000
2011-12-08,94089100,4844200,4369000,60522200
2011-12-09,74248300,5553100,4847900,53788500
2011-12-12,75266800,4384100,3796100,38945900
2011-12-13,84732200,8086500,5008400,54581100
2011-12-14,101721900,7836600,5057700,47926400
2011-12-15,64050000,4835200,4474500,46213900
2011-12-16,105369600,8952000,11849400,101408100
2011-12-19,58882600,4302900,5039900,52258300
2011-12-20,84303800,4794200,4740100,60767600
2011-12-21,65737000,5014400,9282500,64132500
2011-12-22,50589700,3658200,5052000,35794100
2011-12-23,67349800,2918200,3052300,23205800
2011-12-27,66269000,3224800,2775200,21287200
2011-12-28,57165500,4270200,2872000,29822500
2011-12-29,53994500,3162500,2941600,22616900
2011-12-30,44915500,3577800,3530900,27395700
2012-01-03,75555200,7380500,5646000,64731500
2012-01-04,65005500,5749400,4346700,80516100
2012-01-05,67817400,6590300,4463100,56081400
2012-01-06,79573200,5405900,4897100,99455500
2012-01-09,98506100,11688800,5201200,59706800
2012-01-10,64549100,8824000,5161000,60014400
2012-01-11,53771200,4817800,4110800,65582400
2012-01-12,53146800,3764400,6881000,49370800
2012-01-13,56505400,4631800,5279200,60196100
2012-01-17,60724300,3832800,6003400,72395300
2012-01-18,69197800,5544000,4600600,64860600
2012-01-19,65434600,12657800,8567200,74053500
2012-01-20,103493600,21231800,12849700,165902900
2012-01-23,76515600,6851300,5751700,76078100
2012-01-24,136909500,6134400,5345700,51703300
2012-01-25,239578500,10012700,4359700,59231700
2012-01-26,80996300,6476500,4004700,49102800
2012-01-27,74927300,7262000,3360400,44187700
2012-01-30,94835300,4678400,4359000,51114800
2012-01-31,97920900,4300700,4826800,50572400
2012-02-01,67511500,4658700,5088800,67409900
2012-02-02,46699100,4847400,3907300,52223300
2012-02-03,71649900,6360700,4521700,41838500
2012-02-06,62353200,7386700,3639800,28039700
2012-02-07,79055900,4199700,3433000,39242400
2012-02-08,101972500,3686400,3803800,49659100
2012-02-09,221053700,4546300,3876400,50481600
2012-02-10,157825500,4667700,3391100,44605300
2012-02-13,129304000,3646100,2458800,33319800
2012-02-14,115099600,3620900,3398100,59644000
2012-02-15,376530000,4869900,4020900,43311300
2012-02-16,236138000,5080700,3525500,94705100
2012-02-17,133951300,4916400,3746500,70036500
2012-02-21,151398800,4980100,3293600,50829900
2012-02-22,120825600,3948700,3275800,49253200
2012-02-23,142006900,4125300,8032700,35034700
2012-02-24,103768000,3885600,3353200,35575400
2012-02-27,136895500,3641300,3758400,34568400
2012-02-28,150096800,5716400,3167400,45230600
2012-02-29,238002800,6297200,5117100,59323600
2012-03-01,170817500,4492000,3560300,77344100
2012-03-02,107928100,3158300,3727400,47314200
2012-03-05,202281100,3198400,6938000,45240000
2012-03-06,202559700,6372500,5214700,51932900
2012-03-07,199630200,2538400,3346900,34340400
2012-03-08,129114300,2700900,3145800,36747400
2012-03-09,104729800,5361100,3178200,34628400
2012-03-12,101820600,3350400,3119700,34073600
2012-03-13,172713800,4508300,4866000,48951700
2012-03-14,354711000,5895700,4602300,41986900
2012-03-15,289929500,4888300,3621100,49068300
2012-03-16,206371900,6123800,9637000,65626400
2012-03-19,225309000,4361800,3763200,44789200
2012-03-20,204165500,3092400,3695100,41566800
2012-03-21,161010500,4957600,3329900,37928600
2012-03-22,155967700,4838400,3307800,31749500
2012-03-23,107622200,3894800,3036200,35912200
2012-03-26,148935500,3651900,3418200,36758300
2012-03-27,151782400,4029400,2704500,36274900
2012-03-28,163865100,5096700,3265700,41344800
2012-03-29,152059600,3862900,3403700,37038500
2012-03-30,182759500,4638700,3215200,31749400
2012-04-02,149587900,4585400,3387900,35853600
2012-04-03,208639900,4105000,4091500,42752100
2012-04-04,143245200,3267300,4404000,49455900
2012-04-05,160324500,4654700,3809000,50368600
2012-04-09,149384200,4381600,3326900,31056400
2012-04-10,222431300,4982500,4132900,54131300
2012-04-11,174153700,4414300,3366200,43014000
2012-04-12,153584200,11556300,2929600,38304000
2012-04-13,214911200,16379700,3767000,39749200
2012-04-16,262696700,11426700,3826600,38124800
2012-04-17,256382000,6070400,6065500,34361500
2012-04-18,238632800,5358900,10153500,40552900
2012-04-19,208679800,6613800,5762900,54781200
2012-04-20,257746300,6139700,4758200,106045000
2012-04-23,241632300,4411900,3618800,61398200
2012-04-24,269037300,3872600,5626300,40871100
2012-04-25,226444400,3655800,4003400,62495500
2012-04-26,134017100,4200600,3302700,40308100
2012-04-27,101680600,3284900,3496900,41419100
2012-04-30,126536200,4832600,2773200,35697200
2012-05-01,152749800,4019600,2715900,43832300
2012-05-02,106847300,3235000,2360300,37385300
2012-05-03,97637400,3749900,2826600,31501300
2012-05-04,132498100,4431300,4023600,57927200
2012-05-07,115029600,4003800,3373400,48641400
2012-05-08,124313000,5374600,3881500,46328300
2012-05-09,120176000,4675000,3742500,50309300
2012-05-10,83300000,3083200,3830500,43839200
2012-05-11,99886500,4214400,2391500,43459300
2012-05-14,88156600,3662400,3029200,40528900
2012-05-15,119084000,4219900,2987400,61822800
2012-05-16,140224000,9706300,5001000,60083700
2012-05-17,179305000,6732700,5626300,48484000
2012-05-18,183073100,11991700,5737100,56205300
2012-05-21,157776500,6173800,3831700,38787900
2012-05-22,173717600,6126600,3567100,39504900
2012-05-23,146224400,6379900,4100000,65171000
2012-05-24,124057500,3796600,3569300,52575000
2012-05-25,82126800,7190500,2901900,29507200
2012-05-29,95127200,5230900,3618500,37758800
2012-05-30,132357400,3827600,3602500,41585500
2012-05-31,122918600,5958800,9287500,39134000
2012-06-01,130246900,6138700,5206400,56634300
2012-06-04,139248900,4883500,4624500,47926300
2012-06-05,97053600,4697200,3556500,45715400
2012-06-06,100363900,4207200,3641300,46860500
2012-06-07,94941700,3530100,3701100,37792800
2012-06-08,86879100,2831300,2479200,42551100
2012-06-11,147816200,5342100,3273300,46361900
2012-06-12,108845100,6472500,3023700,35337900
2012-06-13,73395000,3923000,3247700,32984600
2012-06-14,86393300,4707200,3585000,39458900
2012-06-15,83813800,6024800,6389000,62314400
2012-06-18,110103000,5012400,3378900,58679900
2012-06-19,90351100,4167900,3297600,75725800
2012-06-20,89735800,4710800,3378200,36257100
2012-06-21,81587800,4037600,4316600,48456600
2012-06-22,71117900,4472400,8823000,45098100
2012-06-25,76095600,3174900,3211600,42217200
2012-06-26,69134100,2710500,3435900,38421300
2012-06-27,50749300,3397200,2762700,33781700
2012-06-28,70709100,3856100,3967300,45328400
2012-06-29,105375200,5057800,5259600,55227200
2012-07-02,100023000,3323300,2827000,30589100
2012-07-03,60428200,2387800,1450400,20938100
2012-07-05,121095800,4709200,2690200,28801900
2012-07-06,104732600,4339700,4952900,38294800
2012-07-09,94851400,3443000,3988100,30680800
2012-07-10,127989400,3860500,4690300,37534100
2012-07-11,117330500,7024700,5456100,39184900
2012-07-12,107010400,4636800,4931300,63523600
2012-07-13,77856800,3966700,3933000,39085000
2012-07-16,75315100,2936100,3144400,27900600
2012-07-17,73406200,3372700,5158600,33771300
2012-07-18,63175000,3107900,8019500,41090400
2012-07-19,109215400,9384300,10395400,46663200
2012-07-20,99367800,12975800,4789700,64021700
2012-07-23,121993900,7150000,3904500,55151900
2012-07-24,141283100,4033800,3597100,47723300
2012-07-25,219328200,3659600,3833800,45579500
2012-07-26,101658200,3382900,3282900,45301400
2012-07-27,100984100,7125900,4177300,44242600
2012-07-30,94785600,4389700,2787000,28905000
2012-07-31,115581900,3745100,3507000,37620900
2012-08-01,96125400,3702900,2559300,31721800
2012-08-02,83039600,3970100,2812600,39520500
2012-08-03,86230200,3808300,3278100,35859400
2012-08-06,75525800,3578000,2337800,27471800
2012-08-07,72611700,3978300,3209400,28002900
2012-08-08,61176500,2654200,2068300,26257600
2012-08-09,55410600,2148500,2160100,24920800
2012-08-10,48734700,2879800,2600500,27810300
2012-08-13,69708100,6560200,2418300,23049100
2012-08-14,85042300,7350800,2562300,34551400
2012-08-15,64335600,4839400,2111800,24351000
2012-08-16,63633500,3448200,2729500,35787200
2012-08-17,110690300,4371600,2551800,32589900
2012-08-20,153346200,3529300,2336000,23737700
2012-08-21,203179900,4461000,3111300,28822700
2012-08-22,141330700,3832600,3296100,33437400
2012-08-23,105032200,3581700,2757400,28355600
2012-08-24,109335100,2863800,2639500,22943300
2012-08-27,106752100,5246900,2498800,34691100
2012-08-28,66854200,4132600,2539200,23947900
2012-08-29,50701700,6002900,2141400,23346800
2012-08-30,75674900,3265900,2740900,23982100
2012-08-31,84580300,4270000,3193300,36590100
2012-09-04,91973000,3793200,4514400,48556700
2012-09-05,84093800,3429100,3312500,33650000
2012-09-06,97799100,6109700,3931700,48371700
2012-09-07,82416600,6490100,3413700,42649100
2012-09-10,121999500,5139100,4208000,40524000
2012-09-11,125995800,3761500,3910600,25191800
2012-09-12,178058300,5304300,3284000,32775800
2012-09-13,149590000,5337900,3879600,45047300
2012-09-14,150118500,5256500,4057100,51422800
2012-09-17,99507800,3027800,3275100,36488500
2012-09-18,93375800,4149000,2476100,34542700
2012-09-19,81718700,6219700,2605600,48871900
2012-09-20,84142100,5836500,3739100,45543000
2012-09-21,142897300,12765800,12771500,102348900
2012-09-24,159941600,7154200,3511100,46825900
2012-09-25,129697400,12162400,3345200,54266400
2012-09-26,144125800,11388200,3423300,54672000
2012-09-27,148522500,7891600,2771900,47129900
2012-09-28,133777700,5587700,4910900,54229300
2012-10-01,135898700,6359700,5456900,54042700
2012-10-02,156998100,5601200,3321000,43338900
2012-10-03,106070300,4433100,3192300,46655900
2012-10-04,92681400,4926700,2957500,43634900
2012-10-05,148501500,5492200,2858400,41133900
2012-10-08,159498500,3931800,1982600,29752000
2012-10-09,209649300,6028900,3580400,45121100
2012-10-10,127589000,4095000,4024500,47227100
2012-10-11,136520300,4785600,2910000,41488500
2012-10-12,115003700,4826400,2712000,46464700
2012-10-15,108125500,6060700,3060900,42440200
2012-10-16,137442900,4131800,5632100,47739400
2012-10-17,97259400,4602900,12673900,44206100
2012-10-18,119156100,24977900,9295900,59238500
2012-10-19,186021500,23050400,6620300,90470800
2012-10-22,136682700,8141500,4402500,83374000
2012-10-23,176786400,5855000,4427400,64414800
2012-10-24,139631800,5011600,3738000,53320400
2012-10-25,164081400,4820100,3249600,54084300
2012-10-26,254608200,3916200,4006500,57790000
2012-10-31,127500800,3085400,6052300,69464100
2012-11-01,90324500,4115500,3758800,72047900
2012-11-02,149843400,4666100,4260100,57131600
2012-11-05,132283900,3283900,2736200,38070800
2012-11-06,93729300,3177300,3281000,43401500
2012-11-07,198412200,4481200,4746200,57871800
2012-11-08,264036500,5213300,3542200,49841800
2012-11-09,232478400,6251500,3671600,43291200
2012-11-12,128950500,2822300,3067400,61112300
2012-11-13,133237300,3200200,3406700,131689200
2012-11-14,119292600,3349200,4404400,76086100
2012-11-15,197477700,3711500,3411700,50955600
2012-11-16,316723400,6902000,4660800,64083300
2012-11-19,205829400,4754100,3588900,57179300
2012-11-20,160688500,4192900,3170200,47070400
2012-11-21,93250500,4240200,5189600,66360300
2012-11-23,68206600,1851800,3877600,57845700
2012-11-26,157644900,4425700,5210300,85198700
2012-11-27,133332500,5036100,3290900,45018600
2012-11-28,130216100,6106700,3603600,53018400
2012-11-29,128674700,5573700,4077900,69551400
2012-11-30,97829900,6350800,4936400,83690200
2012-12-03,91070000,4401300,3349600,53173800
2012-12-04,139267100,3998200,3990700,49777500
2012-12-05,261159500,3738700,4202100,68283800
2012-12-06,294303100,2935500,3216600,39182300
2012-12-07,196760200,3852900,4091300,46162100
2012-12-10,157621100,2743600,3438500,47031100
2012-12-11,148086400,5395200,4144000,52282800
2012-12-12,121786000,4870100,4241900,43966300
2012-12-13,156314900,6915500,3623200,45080100
2012-12-14,252394800,4276100,3826900,42077500
2012-12-17,189401800,6093400,3792400,42046100
2012-12-18,156421300,6032300,4125900,50486900
2012-12-19,112342300,3851500,4270500,53519900
2012-12-20,120422400,3326400,4184500,52607300
2012-12-21,149067100,7078300,8225300,98776500
2012-12-24,43938300,1688000,1631200,20842400
2012-12-26,75609100,2373500,2776500,31631100
2012-12-27,113780100,3307000,3967600,39394000
2012-12-28,88569600,2814500,3536600,28239900
2012-12-31,164873100,4009600,4684900,42749500
2013-01-02,140129500,5101500,4234100,52899300
2013-01-03,88241300,4653700,3644700,48294400
2013-01-04,148583400,5547600,3380200,52521100
2013-01-07,121039100,3323800,2862300,37110400
2013-01-08,114676800,3364700,3026900,44703100
2013-01-09,101901100,4064500,3212000,49047900
2013-01-10,150286500,3685000,3608100,71431300
2013-01-11,87626700,2579900,3880400,55512100
2013-01-14,183551900,5749200,4172200,48324400
2013-01-15,219193100,7884700,4172100,48244500
2013-01-16,172701200,4061900,2962900,41077400
2013-01-17,113419600,4439500,3881600,51685900
2013-01-18,118230700,6477700,4559600,52167700
2013-01-22,115386600,7613100,7172300,58650600
2013-01-23,215377400,11862400,12530500,50387700
2013-01-24,365213100,6790600,4447200,101739300
2013-01-25,302006600,4468400,3358900,81847700
2013-01-28,196379400,3266300,2823700,56056500
2013-01-29,142789500,3507200,3617100,49242600
2013-01-30,104288800,3478900,2998400,43580500
2013-01-31,79833600,3280500,3091400,50530000
2013-02-01,134871100,7520100,3370700,55565900
2013-02-04,119279300,6103700,3188800,50540000
2013-02-05,143336900,3755300,3636900,35410400
2013-02-06,148426600,4171700,3624200,41889600
2013-02-07,176145200,5701600,3076700,38028300
2013-02-08,158289600,6062700,2893300,33318500
2013-02-11,129372600,4351800,2944700,32247700
2013-02-12,152263300,3731900,2461800,35990900
2013-02-13,118801900,2405200,2169800,41715600
2013-02-14,88818800,3483500,3294200,32663200
2013-02-15,97936300,5480000,3627800,49650900
2013-02-19,108945900,5885500,2998300,38781400
2013-02-20,119075600,5549000,3715400,44110200
2013-02-21,111795600,7039000,3922900,49078500
2013-02-22,82663700,4123100,3107900,31425900
2013-02-25,93144800,4625000,3844800,48011800
2013-02-26,125374900,4421500,3391600,49923300
2013-02-27,146837600,4067300,4185100,36394700
2013-02-28,80628800,4548500,4689200,35840200
2013-03-01,138112100,4367000,3308300,34849700
2013-03-04,145688900,5571900,3693400,38157500
2013-03-05,159608400,8118400,3807800,41432200
2013-03-06,115062500,5767400,3594800,51448500
2013-03-07,117118400,4120700,3884400,29196700
2013-03-08,97870500,5845600,3700500,37667800
2013-03-11,118559000,3201200,3049700,36627500
2013-03-12,116477900,4031600,3591600,39255200
2013-03-13,101387300,3294800,3355900,29093400
2013-03-14,75968900,3314700,5505500,55914800
2013-03-15,160990200,6222500,7930300,92710300
2013-03-18,151549300,3690300,3006000,44809400
2013-03-19,131693800,4212000,3198600,51901600
2013-03-20,77165200,2938500,3019000,35447800
2013-03-21,95813900,2966200,5830400,34233200
2013-03-22,98776300,2987400,3031500,28720900
2013-03-25,125283900,3436800,3242500,44154000
2013-03-26,73573500,2392600,2300300,27824300
2013-03-27,82809300,4342500,3223400,36047400
2013-03-28,110709900,4592600,3749900,55453800
2013-04-01,97433000,3628100,2144500,29201100
2013-04-02,132379800,4098200,3116800,28456500
2013-04-03,90804000,3489900,3128800,35062800
2013-04-04,89611900,4913400,3709500,45263200
2013-04-05,95923800,6893400,4148000,50927300
2013-04-08,75207300,5685300,2351200,34759500
2013-04-09,76653500,4330700,2577300,77733800
2013-04-10,93982000,3971900,3524200,71116700
2013-04-11,82091100,4072500,3655600,130923200
2013-04-12,59653300,3285500,3165400,62886300
2013-04-15,79380000,4924500,4218100,56332900
2013-04-16,76442800,3496900,2859500,52797300
2013-04-17,236264000,4089100,3269800,52840700
2013-04-18,166574800,6669800,6502000,56906600
2013-04-19,152318600,11649800,18847000,99790700
2013-04-22,107480100,5788300,9845400,137904000
2013-04-23,166059600,4601600,6296100,59126900
2013-04-24,242412800,3671800,3693900,90946600
2013-04-25,96209400,3999200,4650900,110700200
2013-04-26,191024400,4993900,3490300,47799300
2013-04-29,160081600,4618800,5932400,59116400
2013-04-30,172884600,4630600,7539900,75165200
2013-05-01,126727300,2920800,4899100,54330900
2013-05-02,105457100,4051600,3945100,46059500
2013-05-03,90325200,5044000,4492700,46784600
2013-05-06,124160400,4298500,4826500,40978300
2013-05-07,120938300,3932600,3451000,43078300
2013-05-08,118149500,4955000,3601700,51595700
2013-05-09,99621900,4417600,3542300,46417800
2013-05-10,83713000,3809500,3279200,36394900
2013-05-13,79237200,2907700,3648400,36027600
2013-05-14,111779500,3170300,3699700,56870100
2013-05-15,185403400,8001600,4028100,46303900
2013-05-16,150801000,6443200,4507000,59382900
2013-05-17,106976100,5604800,5704100,60666700
2013-05-20,112894600,4562300,3614500,54020800
2013-05-21,114005500,3980700,2982900,48702400
2013-05-22,110759600,5140300,5186800,66047500
2013-05-23,88255300,4567200,5179100,51102700
2013-05-24,69041700,4610700,3295800,33174400
2013-05-28,96536300,4531900,4011500,48212100
2013-05-29,82644100,4041800,3439400,38412200
2013-05-30,88379900,4257200,4399700,51131000
2013-05-31,96075700,3953500,4949000,56165700
2013-06-03,93088100,4969900,3322000,51252600
2013-06-04,73182200,3751100,3598300,65529500
2013-06-05,72647400,4229300,4215400,46025100
2013-06-06,104233500,5177400,3679400,37618500
2013-06-07,101133900,5369200,2953400,40757300
2013-06-10,112538300,4693000,2652300,35994500
2013-06-11,71528100,3528300,2814400,39435900
2013-06-12,66306800,4426100,3409800,37372700
2013-06-13,71458100,4155200,2899500,45654900
2013-06-14,67966500,4506700,2804500,53192600
2013-06-17,64853600,4308500,3219900,49670100
2013-06-18,48756400,4350000,3277800,28616500
2013-06-19,77735000,5853600,2846100,30816200
2013-06-20,89327700,6769200,4514800,54493700
2013-06-21,120279600,7994300,8914800,85338500
2013-06-24,120186500,6056300,4356200,56109000
2013-06-25,78540700,5125500,3846200,44073400
2013-06-26,91931000,3676400,3320200,48665900
2013-06-27,84311500,3867300,3514200,28993100
2013-06-28,144629100,4716100,10055800,65545500
2013-07-01,97763400,3462400,4442400,31055400
2013-07-02,117466300,3797000,3657700,37630000
2013-07-03,60232200,2101700,1872600,15994400
2013-07-05,68506200,3416500,2405400,26085900
2013-07-08,74534600,3953700,2947500,32396900
2013-07-09,88146100,3973500,5204200,25318500
2013-07-10,70351400,3429500,3892000,29658800
2013-07-11,81573100,5187700,4177500,53638300
2013-07-12,69890800,5155600,4494700,35501200
2013-07-15,60479300,3935600,5674700,34142600
2013-07-16,54134500,3980700,3745300,36378500
2013-07-17,49747600,3023400,6868400,37285100
2013-07-18,54719700,7296100,8393400,49547100
2013-07-19,67180400,14773700,6997600,248428500
2013-07-22,51949100,5828100,3398000,79040700
2013-07-23,92348900,4106600,2863800,65810400
2013-07-24,147984200,4172500,2957900,52803100
2013-07-25,57373400,6024600,3014300,63213000
2013-07-26,50038100,3568600,2485100,38633600
2013-07-29,62014400,3797800,2113700,28870700
2013-07-30,77355600,3524300,2663200,45799500
2013-07-31,80739400,4363200,3810000,43898400
2013-08-01,51562700,4292700,2877700,42557900
2013-08-02,68695900,3440600,3874000,29199900
2013-08-05,79713900,2629100,2490900,30984000
2013-08-06,83714400,3023400,5938500,36331500
2013-08-07,74714500,2768600,3901700,38078600
2013-08-08,63944300,2987000,4547600,59034400
2013-08-09,66716300,2657200,3249600,26800700
2013-08-12,91108500,2764200,3026500,25493700
2013-08-13,220485300,2850200,3542900,39464100
2013-08-14,189093100,4179900,2892300,48519600
2013-08-15,122573500,3752300,3692400,33338000
2013-08-16,90576500,3362700,3426400,32866300
2013-08-19,127629600,3635300,3248900,27902500
2013-08-20,89672100,2475100,3117800,22979600
2013-08-21,83969900,3527700,3551000,37409100
2013-08-22,61051900,1746200,2354300,31169900
2013-08-23,55682900,2162200,2292700,225493800
2013-08-26,82741400,2112800,2170400,72786800
2013-08-27,106047200,3481100,3190700,58522300
2013-08-28,76902000,2669700,3979200,44257400
2013-08-29,59914400,2968000,2980900,45284700
2013-08-30,68074300,3737100,2731000,42790200
2013-09-03,82982200,4110400,3487200,154507000
2013-09-04,86258200,4097600,2597900,142320600
2013-09-05,59091900,2592100,2867600,71644900
2013-09-06,89881400,3134800,2903500,75434900
2013-09-09,85171800,2478300,3017200,49628500
2013-09-10,185798900,2584700,3149600,56881200
2013-09-11,224674100,3233200,4962900,39087500
2013-09-12,101012800,2199100,3354800,32860200
2013-09-13,74708900,2660600,3710400,40899000
2013-09-16,135926700,2682900,3902400,52839700
2013-09-17,99845200,2528200,2930900,84716500
2013-09-18,114215500,3883800,3841800,64099900
2013-09-19,101135300,3207600,3178100,42026600
2013-09-20,174825700,8723000,8525900,102904900
2013-09-23,190526700,3568000,3340800,39826100
2013-09-24,91086100,2984600,3085300,40685000
2013-09-25,79239300,3310200,2654500,28907500
2013-09-26,59305400,2529200,2093600,28504000
2013-09-27,57010100,2527000,3905500,55348000
2013-09-30,65039100,3457600,3978200,39839500
2013-10-01,88470900,3382100,2681200,36718700
2013-10-02,72296000,3001700,3617100,46946800
2013-10-03,80688300,4249800,3211800,38703800
2013-10-04,64717100,2726100,2863600,33008100
2013-10-07,78073100,2596800,3966400,35069300
2013-10-08,72729300,3901800,5578300,41017600
2013-10-09,75431300,5322400,4423500,35878600
2013-10-10,69650700,4527400,3658900,42875100
2013-10-11,66934700,2828300,3232600,30033300
2013-10-14,65474500,2496400,2663100,27757900
2013-10-15,80018400,3195600,3365100,47097800
2013-10-16,62775300,4030200,6718000,35111600
2013-10-17,63398300,8545000,22368900,31359200
2013-10-18,72635500,23219400,10548000,41811700
2013-10-21,99526700,7283700,7098700,27433500
2013-10-22,133515900,4433700,6977300,40438500
2013-10-23,78430800,5346300,5409400,58600500
2013-10-24,96191200,4199700,5533300,53209700
2013-10-25,84448000,4076100,4842800,113494000
2013-10-28,137610200,2326000,3712700,38383600
2013-10-29,158951800,3222000,8904600,31702200
2013-10-30,88540900,2658000,5273700,36997700
2013-10-31,68924100,3292200,4318100,41682300
2013-11-01,68722500,2576100,3644500,40264600
2013-11-04,61156900,2286000,3483300,28060700
2013-11-05,66303300,2371500,6096800,51681900
2013-11-06,55843900,1832600,4560700,88948800
2013-11-07,65655100,3371700,5219500,60437400
2013-11-08,69829200,2591100,6275000,36737800
2013-11-11,56863100,2233500,5222300,26872500
2013-11-12,51069200,2445200,4258500,31651600
2013-11-13,49305200,3170500,4704400,44957600
2013-11-14,70604800,2342100,6321500,46183700
2013-11-15,79480100,2562100,5176100,50601300
2013-11-18,61236000,3532500,5344900,53277500
2013-11-19,52234700,2271600,4577000,44275000
2013-11-20,48479200,1934500,3645800,32229900
2013-11-21,65506700,2191700,4459500,23064700
2013-11-22,55931400,2517700,7610200,27982000
2013-11-25,57327900,3238000,7161900,30646800
2013-11-26,100345700,4589600,5756000,34465300
2013-11-27,90862100,2255500,4596500,26002100
2013-11-29,79531900,2394400,2870500,22090400
2013-12-02,118136200,2756600,4560000,42950400
2013-12-03,112742000,3364700,5864000,52109800
2013-12-04,94452400,2392000,5267400,51983600
2013-12-05,111895000,2275800,4384900,116305000
2013-12-06,86088100,2868200,4739800,36457300
2013-12-09,80123400,2976200,3796600,30286000
2013-12-10,69567400,3721600,4127800,37828600
2013-12-11,89929700,3436400,4090400,39853400
2013-12-12,65572500,3204800,5671600,36012800
2013-12-13,83205500,4340900,4184400,40066100
2013-12-16,70648200,3216000,7517000,31734200
2013-12-17,57475600,3082800,5471900,45687700
2013-12-18,141465800,4437100,5697700,63192100
2013-12-19,80077200,3343800,5927000,34160100
2013-12-20,109103400,6547600,7653500,62649100
2013-12-23,125326600,3456000,4079900,25128700
2013-12-24,41888700,1473800,1613600,14243000
2013-12-26,51002000,2685500,3325700,17612800
2013-12-27,56471100,3151100,3381600,14563000
2013-12-30,63407400,2481300,3018600,16290500
2013-12-31,55771100,2725900,3619700,17503500
2014-01-02,58671200,3656400,4546500,30632200
2014-01-03,98116900,3345800,4063200,31134800
2014-01-06,103152700,3551800,4067800,43603700
2014-01-07,79302300,5124300,5932300,35802800
2014-01-08,64632400,4501700,4603700,59971700
2014-01-09,69787200,4184500,4321300,36516300
2014-01-10,76244000,4302900,4022400,40548800
2014-01-13,94623200,4855800,5784700,45901900
2014-01-14,83140400,4983700,4619200,41623300
2014-01-15,97909700,3915000,4816500,44812600
2014-01-16,57319500,3380300,4770300,38018700
2014-01-17,106684900,5422800,7644600,46267500
2014-01-21,82131700,3974500,11076300,31567300
2014-01-22,94996300,3154500,13796100,21904300
2014-01-23,100809800,3912700,6973900,43954000
2014-01-24,107338700,7814000,6890600,76395500
2014-01-27,138719700,8739800,5208600,44420800
2014-01-28,266380800,4436900,5333300,36205500
2014-01-29,125702500,4777500,4970900,52745900
2014-01-30,169625400,10220800,4853700,35036300
2014-01-31,116199300,11174200,5193400,93162300
2014-02-03,100366000,9172400,7186800,64063100
2014-02-04,94170300,5644800,4349800,54697900
2014-02-05,82086200,4806800,4712300,55814400
2014-02-06,64441300,3907600,4292200,35351800
2014-02-07,92570100,5292000,4692900,33260500
2014-02-10,86389800,3904800,3540400,26767000
2014-02-11,70564200,4116900,4647300,32141400
2014-02-12,77025200,3461800,3983000,27051800
2014-02-13,76849500,3686400,4482000,37635500
2014-02-14,68231100,4389700,4659900,31407500
2014-02-18,65062900,4233500,4435200,32834000
2014-02-19,78442000,4222900,4671500,29750400
2014-02-20,76464500,3414300,4968200,27526100
2014-02-21,69696200,3738500,5699300,38021300
2014-02-24,72227400,3361100,4595300,32085100
2014-02-25,57988000,2888100,3902300,30736500
2014-02-26,69054300,3979100,3740700,41041800
2014-02-27,75470500,2529400,3827800,33903400
2014-02-28,92992200,4644500,4667900,41215000
2014-03-03,59695300,4225300,3950100,29717500
2014-03-04,64785000,2946300,4733000,26802400
2014-03-05,50015700,2479700,3485200,20520100
2014-03-06,46372200,2545600,3817300,23582200
2014-03-07,55182400,3041500,4117800,26591600
2014-03-10,44646000,2438200,4591200,19006600
2014-03-11,69806100,3438800,4229500,25216400
2014-03-12,49831600,3943200,4833000,30494100
2014-03-13,64435700,4708600,4913200,32169700
2014-03-14,59299800,4604900,5490300,27195600
2014-03-17,49886200,4340300,4938100,20479600
2014-03-18,52411800,3643500,3961300,64063900
2014-03-19,56189000,3237800,4323900,35597200
2014-03-20,52099600,3381900,5062600,59269800
2014-03-21,93511600,6441000,12535200,80721800
2014-03-24,88925200,6096800,5738500,46098400
2014-03-25,70573300,4838400,10912700,43193100
2014-03-26,74942000,5179200,6851700,41977500
2014-03-27,55507900,13100,6767700,35369200
2014-03-28,50141000,41200,5194400,43472700
2014-03-31,42167300,10800,8537300,46886300
2014-04-01,50190000,7900,5394100,32605000
2014-04-02,45105200,147100,4924100,28666700
2014-04-03,40586000,5099100,4091100,30139600
2014-04-04,68812800,6369300,6089900,51409600
2014-04-07,72462600,4401600,6740500,37559600
2014-04-08,60972100,3151200,5125000,35918600
2014-04-09,51542400,3330800,5480100,27398700
2014-04-10,59913000,4036800,8417900,45960800
2014-04-11,67929400,3924800,4835000,34330200
2014-04-14,51418500,2575000,5431100,32006600
2014-04-15,66622500,3855000,5351300,33968700
2014-04-16,53691400,4893200,8527300,30615800
2014-04-17,71083600,6809500,11255500,36689400
2014-04-21,45637200,2566700,5419700,22221200
2014-04-22,50640800,2365300,3878600,27056700
2014-04-23,98735000,2052300,4736400,24602800
2014-04-24,189977900,1883100,4407100,42381600
2014-04-25,97568800,2100300,3871000,56876800
2014-04-28,167371400,3335500,5638300,50610200
2014-04-29,84344400,2699000,4626300,29636200
2014-04-30,114160200,1751100,4206800,35458700
2014-05-01,61012000,1905500,3674000,28787400
2014-05-02,47878600,1688500,3049900,43416600
2014-05-05,71766800,1024100,2222100,22460900
2014-05-06,93641100,1689000,3188700,27112400
2014-05-07,70716100,3224300,3821000,41744500
2014-05-08,57574300,2021300,2431900,32120400
2014-05-09,72899400,2439400,2261600,29647600
2014-05-12,53302200,1912500,3777400,22782600
2014-05-13,39934300,1653400,2226600,27004800
2014-05-14,41601000,1191700,5251500,18818700
2014-05-15,57711500,1704300,4202200,37793200
2014-05-16,69064100,1485200,3949500,29867100
2014-05-19,79438800,1277700,3270700,24537400
2014-05-20,58709000,1784700,3026500,21320900
2014-05-21,49214900,1196200,2988000,22398700
2014-05-22,50190000,1615800,2218000,20201800
2014-05-23,58052400,1932100,2562900,18020000
2014-05-27,87216500,2104100,4793800,26160600
2014-05-28,78870400,1652000,3721600,25711500
2014-05-29,94118500,1354100,2759900,19888200
2014-05-30,141005200,1771100,4620500,34567600
2014-06-02,92337700,1435000,3200500,18504300
2014-06-03,73177300,1866600,2517100,18068900
2014-06-04,83870500,1816400,2376800,23209000
2014-06-05,75951400,1689100,2852200,31865200
2014-06-06,87484600,1736700,3296700,24060500
2014-06-09,75415000,1467500,2728400,15019200
2014-06-10,62777000,1351700,4154900,15117700
2014-06-11,45681000,1100100,4061700,18040000
2014-06-12,54749000,1458400,4425300,29818900
2014-06-13,54525000,1220500,2773600,26310000
2014-06-16,35561000,1702500,3556200,24205300
2014-06-17,29726000,1444500,2460900,22518600
2014-06-18,33514000,1741700,3931800,27097000
2014-06-19,35528000,2456800,3551100,19828200
2014-06-20,100898000,4508300,10686800,47764900
2014-06-23,43694000,1536800,3231700,18743900
2014-06-24,39036000,2207100,3875400,26509100
2014-06-25,36869000,1969300,2762800,20049100
2014-06-26,32629000,1741900,3258500,23604400
2014-06-27,64029000,2236900,4575500,74640000
2014-06-30,49482300,1313700,4223800,30805500
2014-07-01,38223000,1447900,6643100,26917000
2014-07-02,28465000,1056300,5093000,20208100
2014-07-03,22891800,714100,2422400,15969300
2014-07-07,56468000,1064600,2958700,21952400
2014-07-08,65222000,1909500,3135100,31218200
2014-07-09,36436000,1116700,3309600,18445900
2014-07-10,39686000,1356700,3177800,21854700
2014-07-11,34018000,1621700,2402500,24083000
2014-07-14,42810000,1854000,4501100,21881100
2014-07-15,45477900,1623000,4864700,28748700
2014-07-16,53396300,1397100,7812600,63318000
2014-07-17,57298000,3016500,8872300,82180300
2014-07-18,49988000,4014100,8166400,43407500
2014-07-21,39079000,2062100,4154400,37604400
2014-07-22,55197000,1699100,4853000,43095800
2014-07-23,92918000,1233100,3584200,52362900
2014-07-24,45729000,1035100,3612700,30725300
2014-07-25,43469000,932400,3376400,26737700
2014-07-28,55318000,986800,3242400,29684200
2014-07-29,43143000,1349800,3264100,27763100
2014-07-30,33010000,1016400,3943800,31921400
2014-07-31,56843000,2102700,4207500,31537500
2014-08-01,48511000,1955200,5181100,31170300
2014-08-04,39958000,1427300,2125900,34277400
2014-08-05,55933000,1551200,3307900,26266400
2014-08-06,38558000,1334300,3847000,24634000
2014-08-07,46711000,1110900,2708600,30314900
2014-08-08,41865000,1494700,2781500,28942700
2014-08-11,36585000,1214700,2527200,20351600
2014-08-12,33795000,1542000,1858600,21431100
2014-08-13,31916000,1439200,1797000,22889500
2014-08-14,28116000,985400,1929500,19313200
2014-08-15,48951000,1519100,2814800,41611300
2014-08-18,47572000,1284100,2420300,26891100
2014-08-19,69399000,978600,2040100,28139500
2014-08-20,52699000,1036700,2177600,24770500
2014-08-21,33478000,914800,2496500,22285500
2014-08-22,44184000,789000,1940300,18294500
2014-08-25,40270000,1361400,1723600,16910000
2014-08-26,33152000,1639600,3175400,14873100
2014-08-27,52369000,1703300,2190200,21287900
2014-08-28,68460000,1292900,1503600,17657600
2014-08-29,44595000,1083700,2909400,21607600
2014-09-02,53564000,1578400,2679700,22976800
2014-09-03,125421000,1215100,1822800,33684500
2014-09-04,85718000,1458100,2865000,26475500
2014-09-05,58457000,1632300,2260200,36939400
2014-09-08,46356700,1431000,2524200,45736700
2014-09-09,189846300,1287200,2403600,40302400
2014-09-10,100869600,977300,2764000,27302400
2014-09-11,62353100,1221000,2298500,29216400
2014-09-12,62626100,1601600,2901000,38244700
2014-09-15,61316500,1597500,2456400,37667600
2014-09-16,66908100,1480300,2561500,27910600
2014-09-17,60926500,1692800,3210800,38311900
2014-09-18,37299400,1444500,2963300,35556600
2014-09-19,70902400,3736600,8852000,202522400
2014-09-22,52788400,1689500,3318000,38686100
2014-09-23,63402200,1471400,3301800,33430300
2014-09-24,60171800,1728100,3082600,26582700
2014-09-25,100092000,1925900,4151400,33077400
2014-09-26,62370500,1443600,2493900,27078800
2014-09-29,49766300,1282400,2336300,26091000
2014-09-30,55264100,1621700,2932600,33033100
2014-10-01,51491300,1445400,3723200,38088400
2014-10-02,47757800,1178400,2283100,25119400
2014-10-03,43469600,1141700,3071500,32453200
2014-10-06,37051200,1214600,2099500,20604000
2014-10-07,42094200,1911300,2991300,25723700
2014-10-08,57404700,1990800,2984800,33031000
2014-10-09,77376500,2524800,2625400,34422800
2014-10-10,66331600,3081900,5090200,51978100
2014-10-13,53583400,2581600,3596700,37100200
2014-10-14,63688600,2222500,3924700,38115700
2014-10-15,100933600,3719300,6895800,60218700
2014-10-16,72154500,3708500,5578600,49040400
2014-10-17,68179700,5539300,4350200,40683300
2014-10-20,77517300,2607500,23416500,34527900
2014-10-21,94623900,2336200,20949800,36433800
2014-10-22,68263100,2919200,11084800,33570900
2014-10-23,71074700,2348800,7599400,45451900
2014-10-24,47053900,1973100,6652100,61076700
2014-10-27,34187700,1185300,4989100,30371300
2014-10-28,48060900,1270900,7895300,29024600
2014-10-29,52687900,1770500,4739300,30276100
2014-10-30,40654800,1455600,3896000,30073900
2014-10-31,44639300,2035000,5818000,35849700
2014-11-03,52282600,1382200,4688200,23130400
2014-11-04,41574400,1244200,4246900,21530800
2014-11-05,37435900,2032200,4104700,22449600
2014-11-06,34968500,1333200,4067600,33037800
2014-11-07,33691500,1633700,3494800,28000600
2014-11-10,27195500,1134600,4958200,36370100
2014-11-11,27442300,965500,3534400,23445200
2014-11-12,46942400,1129600,3377600,22722000
2014-11-13,59522900,1339300,3239500,26208800
2014-11-14,44063600,1289500,4976700,29081700
2014-11-17,46746700,1726000,4798900,30315500
2014-11-18,44224000,1962600,5410100,23995500
2014-11-19,41869200,1392200,3802200,26176800
2014-11-20,43395500,1563300,4182200,21500700
2014-11-21,57179300,2224200,4076900,42883100
2014-11-24,47450800,1706300,6618500,35434200
2014-11-25,68840400,1789900,4062300,28007900
2014-11-26,40768300,1522900,3966000,27163600
2014-11-28,24814400,1148300,2405500,21534400
2014-12-01,83814000,2115300,4168400,31191600
2014-12-02,59348900,1526600,3464100,25743000
2014-12-03,43063400,1277900,6429100,23534800
2014-12-04,42044500,1392100,3859400,30320400
2014-12-05,38318900,2565600,3013500,27313400
2014-12-08,57664900,2329300,2851000,26663100
2014-12-09,60208000,1871300,3861200,24330500
2014-12-10,44565300,1712200,4072800,30431800
2014-12-11,41401700,1610800,3989600,29060400
2014-12-12,56028100,1994500,8611700,34248400
2014-12-15,67218100,2813400,6500300,29247800
2014-12-16,60790700,3964200,6782600,47801400
2014-12-17,53411800,2883100,5131000,34970900
2014-12-18,59006200,2926700,7302400,40105600
2014-12-19,88429800,3690200,8864900,64551200
2014-12-22,45167500,2723700,4682500,26566000
2014-12-23,26028400,2197600,4043300,23648100
2014-12-24,14479600,705900,1868100,11437800
2014-12-26,33721000,1040500,1912200,13197800
2014-12-29,27598900,2278500,3331800,14439500
2014-12-30,29881500,876200,2829900,16384700
2014-12-31,41403400,1368200,4011900,21552500
2015-01-02,53204600,1447500,5525500,27913900
2015-01-05,64285500,2059800,4880400,39673900
2015-01-06,65797100,2899900,6146700,36447900
2015-01-07,40105900,2065000,4701800,29114100
2015-01-08,59364500,3353500,4236800,29645200
2015-01-09,53699500,2071300,4484800,23942800
2015-01-12,49650800,2326700,4182800,23651900
2015-01-13,67091900,2370400,4377500,35270600
2015-01-14,48337000,2215500,4690300,29719600
2015-01-15,60014000,2715800,4248400,32742300
2015-01-16,78513300,2298200,5756000,35695300
2015-01-20,49899900,2232000,8392800,36161900
2015-01-21,48575900,2268700,11897100,39081100
2015-01-22,53796400,2676900,6120100,35898000
2015-01-23,46464800,2281700,4834800,26211600
2015-01-26,55615000,1543700,7888100,42525500
2015-01-27,95568700,1904000,5659600,169164000
2015-01-28,146477100,1683800,4495900,84507100
2015-01-29,84436400,4186300,8320800,63585300
2015-01-30,83745500,5606300,6563600,78004900
2015-02-02,62739100,2849800,4712200,50352500
2015-02-03,51915700,2038600,5539400,52082400
2015-02-04,70149700,1663600,3678500,41614800
2015-02-05,42246200,1849700,5253600,36548200
2015-02-06,43706600,1763500,3225000,34311700
2015-02-09,38889800,1267700,3057700,31381100
2015-02-10,62008500,1749800,4440600,29670700
2015-02-11,73561800,1377700,3626700,38262500
2015-02-12,74474500,1620200,3333100,33268800
2015-02-13,54272200,1900300,3706900,40264900
2015-02-17,63152400,1616800,2894500,33695700
2015-02-18,44891700,1453000,4358400,27111700
2015-02-19,37362400,989100,3504400,27603400
2015-02-20,48948400,1444300,3353000,29721100
2015-02-23,70974100,1457800,2714400,32518800
2015-02-24,69228100,1005000,4701600,25271700
2015-02-25,74711700,1825900,4004600,29759800
2015-02-26,91287500,2311500,7110800,28957300
2015-02-27,62014800,2410100,4410000,33807700
2015-03-02,48096700,2129600,5917900,31924000
2015-03-03,37816300,1704700,3234400,31748600
2015-03-04,31666300,1876800,3633600,25748700
2015-03-05,56517100,1389600,3791700,23193500
2015-03-06,72842100,1659100,4540200,36248800
2015-03-09,88528500,1062100,5193900,32108000
2015-03-10,68856600,1792300,4601000,39159700
2015-03-11,68939000,1820700,5709900,32215300
2015-03-12,48362700,1389600,4567300,59992500
2015-03-13,51827300,1703500,6064100,58007700
2015-03-16,35874300,1640900,3749600,35273500
2015-03-17,51023100,1805500,3311700,31673400
2015-03-18,65270900,2134500,5738800,44194800
2015-03-19,45809500,1197200,3878600,33879100
2015-03-20,68695100,2616800,9006400,71904500
2015-03-23,37709700,1643800,5930100,26246100
2015-03-24,32842300,2583200,4346100,25513300
2015-03-25,51655200,2152200,5428900,43469900
2015-03-26,47572900,1572600,4396000,37495600
2015-03-27,39546200,1897400,3477900,34401400
2015-03-30,47099700,1287500,4138000,35049700
2015-03-31,42090600,1588000,4255400,34887200
2015-04-01,40621400,1963000,3700800,36865300
2015-04-02,32220100,1716300,4671600,37487500
2015-04-06,37194000,1324400,3465700,39223700
2015-04-07,35012300,1302800,3148000,28809400
2015-04-08,37329200,1178500,2524300,24753400
2015-04-09,32484000,1557800,2263500,25723900
2015-04-10,40188000,1409400,2515700,28022000
2015-04-13,36365100,1645300,3868900,30276700
2015-04-14,25524600,2604100,2719300,24244400
2015-04-15,28970400,2318800,3498800,27343600
2015-04-16,28369000,1299800,3136900,22509700
2015-04-17,51957000,2151800,4314400,42387600
2015-04-20,47054300,1679200,9609200,46057700
2015-04-21,32435100,1844700,9683600,26013800
2015-04-22,37654500,1593500,4024800,25064300
2015-04-23,45770900,4184800,8235600,46309500
2015-04-24,44525900,4932500,3888400,130933700
2015-04-27,96954200,2398000,3168600,59248200
2015-04-28,118924000,1491000,5816700,60730800
2015-04-29,63386100,1698800,4518400,47804600
2015-04-30,83195400,2082200,5062900,64725500
2015-05-01,58512600,1768200,3312100,38937300
2015-05-04,50988300,1308000,4028000,34039500
2015-05-05,49271400,1383100,3593600,50369200
2015-05-06,72141000,1567000,3612600,52433000
2015-05-07,43940900,1546300,2472000,32971700
2015-05-08,55550400,1527600,3092600,35364900
2015-05-11,42035800,905300,2661000,24609400
2015-05-12,48160000,1634200,2962400,29928300
2015-05-13,34694200,1252300,2457500,34184600
2015-05-14,45203500,1403900,2439100,32980900
2015-05-15,38208000,1971300,2916600,28642700
2015-05-18,50882900,2003400,1970600,24136500
2015-05-19,44633200,1966900,2523000,28574800
2015-05-20,36454900,1430800,2300300,25047900
2015-05-21,39730400,1462700,2295600,22410700
2015-05-22,45596000,1176200,2849700,25720600
2015-05-26,70697600,2406500,3854200,29581900
2015-05-27,45833200,1525000,2764400,27335600
2015-05-28,30733300,1029800,1731400,19283700
2015-05-29,50884500,2597400,4092000,36519600
2015-06-01,32112800,1904300,2985500,28837300
2015-06-02,33667600,1939000,2571400,21498300
2015-06-03,30889400,1714500,2131000,28002200
2015-06-04,38450100,1348300,3079300,27745500
2015-06-05,35626800,1388200,3100500,25438100
2015-06-08,52674800,1520600,3758700,22121600
2015-06-09,56075400,1455300,3395900,24406100
2015-06-10,39087300,1815000,4680500,28417400
2015-06-11,35390900,1217500,3464000,27347800
2015-06-12,36886200,955800,3065100,23931000
2015-06-15,43988900,1632700,4245700,33254500
2015-06-16,31494100,1071800,3249800,27070300
2015-06-17,32918100,1294200,2863000,28704100
2015-06-18,35407200,1833100,3330900,32658300
2015-06-19,54716900,1893500,7074000,63837000
2015-06-22,34039300,1250300,2335800,20318100
2015-06-23,30268900,1197500,3701600,25896500
2015-06-24,55280900,1286600,3548100,34890900
2015-06-25,31938100,1335700,2408900,20616000
2015-06-26,44066800,2109100,8946000,49835300
2015-06-29,49161400,1937800,3314700,34081700
2015-06-30,44370700,2217200,3597300,35945400
2015-07-01,30238800,1961000,3214500,28343900
2015-07-02,27211000,1235900,2852700,21752000
2015-07-06,28060400,1280500,3079800,23034000
2015-07-07,46946800,1597200,3549900,36435800
2015-07-08,60761600,1296700,2776300,39785900
2015-07-09,77821600,1839400,4199700,32424700
2015-07-10,61354500,1956700,4538300,25465800
2015-07-13,41440500,2206500,4229000,28178300
2015-07-14,31768100,3244100,3025300,22880300
2015-07-15,33649200,1784600,1998000,26629600
2015-07-16,36222400,4768300,3529900,26271700
2015-07-17,46164700,11164900,4356400,29467100
2015-07-20,58900200,5860900,7377800,30631900
2015-07-21,76756400,3377200,13752300,42781900
2015-07-22,115450600,3929300,7181800,59152400
2015-07-23,50999500,3029100,5034200,33934000
2015-07-24,42162300,3625700,3778200,32333200
2015-07-27,44455500,2675400,3706200,39701400
2015-07-28,33618100,1727300,2721000,34328900
2015-07-29,37011700,1575100,3378400,40945900
2015-07-30,33628300,1474200,1994700,39777900
2015-07-31,42885000,1706100,3580200,31201500
2015-08-03,69976000,1304500,4615700,24125900
2015-08-04,124138600,1490900,5260600,33403900
2015-08-05,99312600,2334300,3472800,26959700
2015-08-06,52903000,1572600,3004800,27368000
2015-08-07,38670400,1403900,3794900,19163000
2015-08-10,54951600,1809200,4613400,23079900
2015-08-11,97082800,5029200,3167100,29237400
2015-08-12,101217500,2936700,3560300,30181400
2015-08-13,48535800,1810700,2533400,22627200
2015-08-14,42929500,1072100,3226400,21473400
2015-08-17,40884700,1051700,2249600,21099700
2015-08-18,34560700,1456100,2018300,23574100
2015-08-19,47445700,2131600,4206400,31485500
2015-08-20,68501600,2855300,4011500,36238200
2015-08-21,128275500,4265200,7362100,70053100
2015-08-24,162206300,5770300,10189700,88753700
2015-08-25,103601600,3538000,7073200,70616600
2015-08-26,96774600,4235900,6221800,63408000
2015-08-27,84616100,3491300,4976600,50943200
2015-08-28,53164400,1978700,4076300,28246700
2015-08-31,56229300,2176700,4093100,34441700
2015-09-01,76845900,3702100,5272000,49688900
2015-09-02,61888800,2575600,4252000,37671500
2015-09-03,53233900,1759600,3603500,28285200
2015-09-04,49996300,2089000,4201100,37138800
2015-09-08,54843600,2279500,3933300,32469800
2015-09-09,85010800,1702100,3407800,33469500
2015-09-10,62892800,1905300,3461700,31366600
2015-09-11,49915500,1373500,3115100,27132500
2015-09-14,58363400,1702300,3226700,23656000
2015-09-15,43341200,2084400,2717100,28882200
2015-09-16,37173500,1286500,2799200,23372200
2015-09-17,64112600,2274700,4003000,32768200
2015-09-18,74285300,5133400,7975800,63143700
2015-09-21,50222000,1788500,3825000,26177200
2015-09-22,50346200,2562900,3564100,28085900
2015-09-23,35756700,1470900,2674200,17145200
2015-09-24,50219500,2240100,3280300,27905600
2015-09-25,56151900,2174000,3474400,29384600
2015-09-28,52109000,3127700,4317300,27613800
2015-09-29,73365400,2309500,4763500,32763600
2015-09-30,66473000,2413400,3946200,34958900
2015-10-01,63929100,1867600,3880900,28657900
2015-10-02,58019800,2684800,3054400,41839000
2015-10-05,52064700,1803600,5131800,34369300
2015-10-06,48857000,2166300,3018100,27510800
2015-10-07,46765600,2092700,2980800,27711500
2015-10-08,61979600,2182100,4794400,33772700
2015-10-09,52766100,1648700,3531100,28600600
2015-10-12,30467200,1275200,3227600,19769100
2015-10-13,33049300,1807700,3915700,19987800
2015-10-14,44462400,1415500,3353000,24697800
2015-10-15,37673500,1885700,3476200,27189400
2015-10-16,38236300,1611100,3454000,25779300
2015-10-19,29759200,1477300,7954700,29387600
2015-10-20,48967800,2490000,16025600,30802200
2015-10-21,41795200,1791100,6990600,25144300
2015-10-22,41654100,4071000,5583200,56637100
2015-10-23,59366900,6653900,5370400,135227100
2015-10-26,66333800,2716600,3489400,64633300
2015-10-27,69884400,2245800,15008500,50999900
2015-10-28,85551400,2178900,8511400,47000800
2015-10-29,51227300,1456000,3710400,30202100
2015-10-30,49365300,1908800,3984000,46619800
2015-11-02,32203300,1886300,3822200,30285000
2015-11-03,45519000,1565400,4349400,36596900
2015-11-04,44886100,1706700,3516900,37087800
2015-11-05,39552700,1861600,5096900,31468500
2015-11-06,33042300,1511600,4744900,32851200
2015-11-09,33871400,2069800,8075600,32513100
2015-11-10,59127900,1608000,4520800,55283700
2015-11-11,45218000,1366400,3164800,36516300
2015-11-12,32525600,1837200,4701400,35361100
2015-11-13,45812400,2075500,4613800,36848200
2015-11-16,38106700,1905900,4190800,32165200
2015-11-17,27616900,1510900,2815100,31551300
2015-11-18,46674700,1684300,4149200,29710000
2015-11-19,43295800,1327100,4753600,28149200
2015-11-20,34287100,2212300,5176400,37147600
2015-11-23,32482500,1414500,5137900,28235900
2015-11-24,42803200,2333100,3407700,24600000
2015-11-25,21388300,1122100,3238200,21005100
2015-11-27,13046400,838500,1415800,9009100
2015-11-30,39180300,2097600,4545600,56241400
2015-12-01,34852400,2134600,4195100,39952800
2015-12-02,33386600,2230400,3725400,47274900
2015-12-03,41569500,2590600,5909600,38627800
2015-12-04,57777000,2757300,4571600,43963700
2015-12-07,32084200,1812300,3279400,30709800
2015-12-08,34309500,1829500,3905200,32878000
2015-12-09,46361400,2700000,4615000,36373200
2015-12-10,29212700,1984900,4222300,31775800
2015-12-11,46886200,2224400,5333800,39549500
2015-12-14,64318700,2412500,5143800,46768900
2015-12-15,52978100,2666200,4207900,39459000
2015-12-16,56238500,1993300,4345500,37503300
2015-12-17,44772800,1553400,4089500,41280900
2015-12-18,96453300,3148700,10026100,84684200
2015-12-21,47590600,1525700,5617500,37246300
2015-12-22,32789400,1365400,4263800,28322200
2015-12-23,32657400,1565900,5164900,27279800
2015-12-24,13596700,527200,1495200,9570000
2015-12-28,26704200,1515300,3143400,22458300
2015-12-29,30931200,1765000,3943700,27731400
2015-12-30,25213800,1293300,2989400,21704500
2015-12-31,40912300,1489600,3462100,27334100
2016-01-04,67649400,3272800,5229400,53778000
2016-01-05,55791000,1950700,3924800,34079700
2016-01-06,68457400,1947000,4310900,39518900
2016-01-07,81094400,2963700,7025800,56564900
2016-01-08,70798000,2450900,4762700,48754000
2016-01-11,49739400,2090600,4974400,36943800
2016-01-12,49154200,2024500,5078700,36095500
2016-01-13,62439600,2501700,4700100,66883600
2016-01-14,63170100,2225800,5709600,52381900
2016-01-15,79833900,3592400,9008500,71820700
2016-01-19,53087700,2268100,9979600,43564500
2016-01-20,72334400,3445000,16157800,63273000
2016-01-21,52161500,2412200,8851600,40191200
2016-01-22,65800500,2011800,9238400,37555800
2016-01-25,51794500,1711700,5446000,34707700
2016-01-26,75077000,1331700,4617800,28900800
2016-01-27,133369700,2194200,5026400,36775200
2016-01-28,55678800,2676400,3942500,62513800
2016-01-29,64416500,3474300,8248100,83611700
2016-02-01,40943500,5139200,3574900,44208500
2016-02-02,37357200,6348100,3287300,56313800
2016-02-03,45964300,6171000,6223500,57559800
2016-02-04,46471700,5168700,5266500,46987100
2016-02-05,46418100,5105700,7177700,62009000
2016-02-08,54021400,4247400,7364000,59290500
2016-02-09,44331200,3608900,5957200,46740500
2016-02-10,42343600,2638000,6469100,38237000
2016-02-11,50074700,3024000,7307600,48878600
2016-02-12,40351400,2141400,4936500,34243300
2016-02-16,49057900,2520000,4061400,37291200
2016-02-17,44863200,2492600,4821000,40789000
2016-02-18,39021000,1883200,9951600,27176000
2016-02-19,35374200,1589300,5125300,33559100
2016-02-22,34280800,1949800,4457400,25008300
2016-02-23,31942600,2009300,3439700,28895300
2016-02-24,36255700,1963600,4122600,33014500
2016-02-25,27582700,1642200,4358300,26939500
2016-02-26,28991100,2243500,4386200,35975900
2016-02-29,35216300,2481100,4428000,31654000
2016-03-01,50407100,2151400,3788500,33024500
2016-03-02,33169600,1629000,5217200,29289900
2016-03-03,36955700,1958000,5156400,24427800
2016-03-04,46055100,1972100,3968400,33034200
2016-03-07,35828900,2985100,5171000,38407800
2016-03-08,31561900,2076300,5579100,33835100
2016-03-09,27201700,1421500,4406500,28251600
2016-03-10,33513600,2833500,4020600,38387800
2016-03-11,27408200,1970800,4421900,32275700
2016-03-14,25076100,1718300,4048800,24083600
2016-03-15,40067700,1721000,3707500,21104800
2016-03-16,38303500,1624400,4221900,31691700
2016-03-17,34420700,1860800,5821600,28223900
2016-03-18,44205200,2980700,12089700,67625500
2016-03-21,35502700,1836500,3721600,23925700
2016-03-22,32444400,1269700,4081900,23124100
2016-03-23,25703500,1432100,4764200,20129000
2016-03-24,26133000,1594900,5044500,19950000
2016-03-28,19411400,1301300,3265100,17025100
2016-03-29,31190100,1903800,3138500,23924300
2016-03-30,45601100,1782400,3331200,23008300
2016-03-31,25888400,1718800,6780600,26360500
2016-04-01,25874000,1576700,3925500,24399200
2016-04-04,37356200,1134200,3931200,18928800
2016-04-05,26578700,1132300,3337000,19272300
2016-04-06,26404100,1053700,4194600,21188700
2016-04-07,31801900,1453200,3663000,19225100
2016-04-08,23581700,1290800,3293800,22167200
2016-04-11,29407500,1220100,3846100,21414200
2016-04-12,27232300,1353000,3595800,24944300
2016-04-13,33257300,1707100,3168400,20818000
2016-04-14,25473900,1135300,3176500,20877100
2016-04-15,46939000,1809300,3657600,28793800
2016-04-18,60821500,1558800,6581700,23786000
2016-04-19,32384900,2030500,13190200,29596800
2016-04-20,30611000,1529200,6754300,36195700
2016-04-21,31552500,3060500,6017700,38909100
2016-04-22,33683100,5951900,5191900,126834100
2016-04-25,28031600,1959200,2848900,33226900
2016-04-26,56016200,2744600,2979800,33532600
2016-04-27,114602100,3098600,3111200,43369300
2016-04-28,82242700,2867300,3791500,43134800
2016-04-29,68531500,2487700,4225800,48411700
2016-05-02,48160100,1645300,3502400,33114500
2016-05-03,56831300,1543800,3584300,26460200
2016-05-04,41025500,1688600,2577100,24257600
2016-05-05,35890500,1683500,6501200,25390700
2016-05-06,43699900,1829300,4895800,24787300
2016-05-09,32936400,1510300,4302400,17951600
2016-05-10,33686800,1569600,3992700,22891000
2016-05-11,28719100,1692100,3093000,24039100
2016-05-12,76314700,1360700,3249200,24102800
2016-05-13,44392800,1314500,2398000,22592300
2016-05-16,61259800,1317100,3069100,20032000
2016-05-17,46916900,2001200,3490600,27803500
2016-05-18,42062400,1766800,2491100,24907500
2016-05-19,30442100,1670200,3685600,23842400
2016-05-20,32026000,1828400,3671500,23905800
2016-05-23,38018600,1330700,2103800,26118700
2016-05-24,35140200,1929500,2929300,34757900
2016-05-25,38168800,1629200,4355300,24040200
2016-05-26,56331200,1576300,3062900,24335200
2016-05-27,36341200,1975000,2457100,17721400
2016-05-31,42307200,2129500,5836600,37653100
2016-06-01,29173300,1253600,2663400,25324800
2016-06-02,40191600,1341800,2642600,22840800
2016-06-03,28504900,1226300,2328300,23368300
2016-06-06,23292500,1565300,2378700,18243300
2016-06-07,22409500,1336200,4465000,20866800
2016-06-08,20848100,1583700,2935000,21149400
2016-06-09,26601400,988900,2021800,20305700
2016-06-10,31712900,1216400,3120600,25833200
2016-06-13,38020500,1258900,3610400,83217800
2016-06-14,31931900,1306100,2865800,42577100
2016-06-15,29445200,1214500,2260400,33757600
2016-06-16,31326800,1982500,2449100,31188600
2016-06-17,61008200,3402400,4663900,45710500
2016-06-20,34411900,2082500,3572100,35607900
2016-06-21,35546400,1465600,2760300,34097800
2016-06-22,29219100,1184300,2833700,28816800
2016-06-23,32240200,2171400,3969400,29028800
2016-06-24,75311400,4449000,9082800,133503000
2016-06-27,45489600,2629000,5017900,50216300
2016-06-28,40444900,2173800,3997700,38140700
2016-06-29,36531000,1932600,3367700,31304000
2016-06-30,35836400,1597700,3967100,28527800
2016-07-01,26026500,1344700,2658300,21400400
2016-07-05,27705200,1462600,2465200,24806400
2016-07-06,30949100,1411900,2569400,28167500
2016-07-07,25139600,1304200,2138400,19585200
2016-07-08,28912100,1575200,3040600,28391000
2016-07-11,23794900,1111800,2833700,22269200
2016-07-12,24167500,1336900,3843800,27317600
2016-07-13,25892200,935900,2746400,25356800
2016-07-14,38919000,950200,4637600,24545500
2016-07-15,30137000,1279300,4476800,32024400
2016-07-18,36493900,1295500,6729700,31433900
2016-07-19,23779900,1227500,7120000,53336500
2016-07-20,26276000,1289700,4376300,89893300
2016-07-21,32702000,1026300,3518900,32776700
2016-07-22,28313700,1259800,2520100,32157200
2016-07-25,40382900,1032400,2804600,25610600
2016-07-26,56239800,1186700,2894600,28079000
2016-07-27,92344800,1512500,2162700,32327500
2016-07-28,39869800,3530200,2340400,37550400
2016-07-29,27733700,3841500,3547500,30558700
2016-08-01,38167900,2700500,2823600,26003400
2016-08-02,33816600,1784500,3080900,35122000
2016-08-03,30202600,1287400,2861700,22075600
2016-08-04,27408700,1140300,2489100,26587700
2016-08-05,40553400,1801200,3812400,29335200
2016-08-08,28037200,1107900,3039300,19473500
2016-08-09,26315200,1175400,2737500,16920700
2016-08-10,24008500,784500,2466700,15756900
2016-08-11,27484500,971100,8768600,18162300
2016-08-12,18660400,738300,2543100,21655200
2016-08-15,25868200,936600,2970400,19283900
2016-08-16,33794400,1027100,2210200,20523500
2016-08-17,25356000,921400,3225900,18856400
2016-08-18,21984700,718400,3652000,14214300
2016-08-19,25368100,849900,2815200,17271000
2016-08-22,25820200,923400,2039300,15221900
2016-08-23,21257700,925300,2838100,18732400
2016-08-24,23675100,1071100,3645800,18151500
2016-08-25,25086200,924700,2575000,18552600
2016-08-26,27766300,1163000,2498900,20971200
2016-08-29,24970300,841000,2475900,16417200
2016-08-30,24863900,1127100,1813300,16930200
2016-08-31,29662400,1247400,2323600,20860300
2016-09-01,26701500,923900,2358400,26075400
2016-09-02,26802500,1069300,2315400,18900500
2016-09-06,26880400,1439900,2994100,16278400
2016-09-07,42364300,893700,2867300,17493400
2016-09-08,53002000,1260600,3963200,20146100
2016-09-09,46557000,1812200,5186000,35113900
2016-09-12,45292800,1286800,4367500,29303000
2016-09-13,62176200,1379900,3636700,30130200
2016-09-14,110888700,1087400,3860600,24062500
2016-09-15,89983600,1305100,3645600,26847000
2016-09-16,79886900,2046000,6463600,44607000
2016-09-19,47023000,1171100,2450100,20937100
2016-09-20,34514300,975300,2159100,17384000
2016-09-21,36003200,1151400,2473900,33707300
2016-09-22,31074000,1463600,2691100,19822200
2016-09-23,52481200,1409500,2702200,19955300
2016-09-26,29869400,1508500,2533300,21688700
2016-09-27,24607400,1138800,2987200,28065100
2016-09-28,29641100,1107900,3310000,20536400
2016-09-29,35887000,1301400,3374800,25463500
2016-09-30,36379100,1580300,3596900,29910800
2016-10-03,21701800,1275900,2227800,19189500
2016-10-04,29736800,1197400,2884100,20085900
2016-10-05,21453100,1457100,1684500,16726400
2016-10-06,28779300,1066300,1950100,16212600
2016-10-07,24358400,930700,2671900,20089000
2016-10-10,36236000,1161400,2481300,18196500
2016-10-11,64041000,1368000,2901300,26497400
2016-10-12,37586800,934900,2964000,22177500
2016-10-13,35192400,1300400,2909900,25313700
2016-10-14,35652200,851100,4358200,27402500
2016-10-17,23624900,1089500,5890400,23830000
2016-10-18,24553500,1995600,12770600,19149500
2016-10-19,20034600,116600,4632900,22878400
2016-10-20,24125800,1734200,4023100,49455600
2016-10-21,22384800,1260500,4401900,79974200
